http://www.google.com/;
http://www.google.com/;
http://www.google.com/;
http://www.google.com/;
http://www.google.com/;
http://www.google.com/;
http://www.google.com/;
http://www.google.com/;
http://www.google.com/;
http://www.google.com/;
http://www.google.com/;
http://www.google.com/;
http://www.google.com/;
http://www.google.com/;
http://www.google.com/;
http://www.google.com/;
http://www.google.com/;
http://www.google.com/;
http://www.google.com/;
http://www.google.com/;
http://www.google.com/;
http://www.google.com/;
http://www.google.com/;
http://www.google.com/;
http://www.google.com/;
http://www.google.com/;
http://www.google.com/;
http://www.google.com/;
http://www.google.com/;
http://www.google.com/;
http://www.google.com/;
http://www.google.com/;
http://www.google.com/;
http://www.google.com/;
http://www.google.com/;
http://www.google.com/;
http://www.google.com/;
http://www.google.com/;
http://www.google.com/;
http://www.google.com/;
http://www.google.com/;
http://www.google.com/;
http://www.google.com/;
http://www.google.com/;
http://www.google.com/;
http://www.google.com/;
http://www.google.com/;
http://www.google.com/;
http://www.google.com/;
http://www.google.com/;
http://www.google.com/;
http://www.google.com/;
http://www.google.com/;
http://www.google.com/;
http://www.google.com/;
http://www.google.com/;
http://www.google.com/;
http://www.google.com/;
http://www.google.com/;
http://www.google.com/;
http://www.google.com/;
http://www.google.com/;
http://www.google.com/;
http://www.google.com/;
http://www.google.com/;
http://www.google.com/;
http://www.google.com/;
http://www.google.com/;
http://www.google.com/;
http://www.google.com/;
http://www.google.com/;
http://www.google.com/;
http://www.google.com/;
http://www.google.com/;
http://www.google.com/;
http://www.google.com/;
http://www.google.com/;
http://www.google.com/;
http://www.google.com/;
http://www.google.com/;
http://www.google.com/;
http://www.google.com/;
http://www.google.com/;
http://www.google.com/;
http://www.google.com/;
http://www.google.com/;
http://www.google.com/;
http://www.google.com/;
http://www.google.com/;
http://www.google.com/;
http://www.google.com/;
http://www.google.com/;
http://www.google.com/;
http://www.google.com/;
http://www.google.com/;
http://www.google.com/;
http://www.google.com/;
http://www.google.com/;
http://www.google.com/1;
http://www.google.com/2;
http://www.google.com/3;
http://www.google.com/4;
http://www.google.com/5;
http://www.google.com/6;
http://www.google.com/7;
http://www.google.com/8;
http://www.google.com/9;
http://www.google.com/10;
http://www.google.com/11;
http://www.google.com/12;
http://www.google.com/13;
http://www.google.com/14;
http://www.google.com/15;
http://www.google.com/16;
http://www.google.com/17;
http://www.google.com/18;
http://www.google.com/19;
http://www.google.com/20;
http://www.google.com/21;
http://www.google.com/22;
http://www.google.com/23;
http://www.google.com/24;
http://www.google.com/25;
http://www.google.com/26;
http://www.google.com/27;
http://www.google.com/28;
http://www.google.com/29;
http://www.google.com/30;
http://www.google.com/31;
http://www.google.com/32;
http://www.google.com/33;
http://www.google.com/34;
http://www.google.com/35;
http://www.google.com/36;
http://www.google.com/37;
http://www.google.com/38;
http://www.google.com/39;
http://www.google.com/40;
http://www.google.com/41;
http://www.google.com/42;
http://www.google.com/43;
http://www.google.com/44;
http://www.google.com/45;
http://www.google.com/46;
http://www.google.com/47;
http://www.google.com/48;
http://www.google.com/49;
http://www.google.com/50;
http://www.google.com/51;
http://www.google.com/52;
http://www.google.com/53;
http://www.google.com/54;
http://www.google.com/55;
http://www.google.com/56;
http://www.google.com/57;
http://www.google.com/58;
http://www.google.com/59;
http://www.google.com/60;
http://www.google.com/61;
http://www.google.com/62;
http://www.google.com/63;
http://www.google.com/64;
http://www.google.com/65;
http://www.google.com/66;
http://www.google.com/67;
http://www.google.com/68;
http://www.google.com/69;
http://www.google.com/70;
http://www.google.com/71;
http://www.google.com/72;
http://www.google.com/73;
http://www.google.com/74;
http://www.google.com/75;
http://www.google.com/76;
http://www.google.com/77;
http://www.google.com/78;
http://www.google.com/79;
http://www.google.com/80;
http://www.google.com/81;
http://www.google.com/82;
http://www.google.com/83;
http://www.google.com/84;
http://www.google.com/85;
http://www.google.com/86;
http://www.google.com/87;
http://www.google.com/88;
http://www.google.com/89;
http://www.google.com/90;
http://www.google.com/91;
http://www.google.com/92;
http://www.google.com/93;
http://www.google.com/94;
http://www.google.com/95;
http://www.google.com/96;
http://www.google.com/97;
http://www.google.com/98;
